<?xml version="1.0" encoding="UTF-8"?>
<game_settings>
	<game>
		<game_type>SAAGameEngine</game_type>
		<num_goods>5</num_goods>
		<num_agents>5</num_agents>
		<num_iterations>30</num_iterations>
		<num_simulations>1000000</num_simulations>
		<value_upper_bound>50</value_upper_bound>
	</game>
	<agents>
		<agent index='1'>SelfConfirmingPricePrediction</agent>
		<agent index='2'>SelfConfirmingPricePrediction</agent>
		<agent index='3'>SelfConfirmingPricePrediction</agent>
		<agent index='4'>SelfConfirmingPricePrediction</agent>
		<agent index='5'>SelfConfirmingPricePrediction</agent>
	</agents>
</game_settings>
